BARANGAY,MUNICIPALITY,PROVINCE
Betes,Aliaga,Nueva Ecija
Bibiclat,Aliaga,Nueva Ecija
Bucot,Aliaga,Nueva Ecija
La Purisima,Aliaga,Nueva Ecija
Magsaysay,Aliaga,Nueva Ecija
Macabucod,Aliaga,Nueva Ecija
Pantoc,Aliaga,Nueva Ecija
Poblacion Centro,Aliaga,Nueva Ecija
Poblacion East I,Aliaga,Nueva Ecija
Poblacion East II,Aliaga,Nueva Ecija
Poblacion West III,Aliaga,Nueva Ecija
Poblacion West IV,Aliaga,Nueva Ecija
San Carlos,Aliaga,Nueva Ecija
San Emiliano,Aliaga,Nueva Ecija
San Eustacio,Aliaga,Nueva Ecija
San Felipe Bata,Aliaga,Nueva Ecija
San Felipe Matanda,Aliaga,Nueva Ecija
San Juan,Aliaga,Nueva Ecija
San Pablo Bata,Aliaga,Nueva Ecija
San Pablo Matanda,Aliaga,Nueva Ecija
Santa Monica,Aliaga,Nueva Ecija
Santiago,Aliaga,Nueva Ecija
Santo Rosario,Aliaga,Nueva Ecija
Santo Tomas,Aliaga,Nueva Ecija
Sunson,Aliaga,Nueva Ecija
Umangan,Aliaga,Nueva Ecija
Antipolo,Bongabon,Nueva Ecija
Ariendo,Bongabon,Nueva Ecija
Bantug,Bongabon,Nueva Ecija
Calaanan,Bongabon,Nueva Ecija
Commercial,Bongabon,Nueva Ecija
Cruz,Bongabon,Nueva Ecija
Digmala,Bongabon,Nueva Ecija
Curva,Bongabon,Nueva Ecija
Kaingin,Bongabon,Nueva Ecija
Labi,Bongabon,Nueva Ecija
Larcon,Bongabon,Nueva Ecija
Lusok,Bongabon,Nueva Ecija
Macabaclay,Bongabon,Nueva Ecija
Magtanggol,Bongabon,Nueva Ecija
Mantile,Bongabon,Nueva Ecija
Olivete,Bongabon,Nueva Ecija
Palo Maria,Bongabon,Nueva Ecija
Pesa,Bongabon,Nueva Ecija
Rizal,Bongabon,Nueva Ecija
Sampalucan,Bongabon,Nueva Ecija
San Roque,Bongabon,Nueva Ecija
Santor,Bongabon,Nueva Ecija
Sinipit,Bongabon,Nueva Ecija
Sisilang na Ligaya,Bongabon,Nueva Ecija
Social,Bongabon,Nueva Ecija
Tugatug,Bongabon,Nueva Ecija
Tulay na Bato,Bongabon,Nueva Ecija
Vega,Bongabon,Nueva Ecija
Aduas Centro,City of Cabanatuan,Nueva Ecija
Bagong Sikat,City of Cabanatuan,Nueva Ecija
Bagong Buhay,City of Cabanatuan,Nueva Ecija
Bakero,City of Cabanatuan,Nueva Ecija
Bakod Bayan,City of Cabanatuan,Nueva Ecija
Balite,City of Cabanatuan,Nueva Ecija
Bangad,City of Cabanatuan,Nueva Ecija
Bantug Bulalo,City of Cabanatuan,Nueva Ecija
Bantug Norte,City of Cabanatuan,Nueva Ecija
Barlis,City of Cabanatuan,Nueva Ecija
Barrera District,City of Cabanatuan,Nueva Ecija
Bernardo District,City of Cabanatuan,Nueva Ecija
Bitas,City of Cabanatuan,Nueva Ecija
Bonifacio District,City of Cabanatuan,Nueva Ecija
Buliran,City of Cabanatuan,Nueva Ecija
Caalibangbangan,City of Cabanatuan,Nueva Ecija
Cabu,City of Cabanatuan,Nueva Ecija
Campo Tinio,City of Cabanatuan,Nueva Ecija
Kapitan Pepe,City of Cabanatuan,Nueva Ecija
Cinco-Cinco,City of Cabanatuan,Nueva Ecija
City Supermarket,City of Cabanatuan,Nueva Ecija
Caudillo,City of Cabanatuan,Nueva Ecija
Communal,City of Cabanatuan,Nueva Ecija
Cruz Roja,City of Cabanatuan,Nueva Ecija
Daang Sarile,City of Cabanatuan,Nueva Ecija
Dalampang,City of Cabanatuan,Nueva Ecija
Dicarma,City of Cabanatuan,Nueva Ecija
Dimasalang,City of Cabanatuan,Nueva Ecija
Dionisio S. Garcia,City of Cabanatuan,Nueva Ecija
Fatima,City of Cabanatuan,Nueva Ecija
General Luna,City of Cabanatuan,Nueva Ecija
Ibabao Bana,City of Cabanatuan,Nueva Ecija
Imelda District,City of Cabanatuan,Nueva Ecija
Isla,City of Cabanatuan,Nueva Ecija
Calawagan,City of Cabanatuan,Nueva Ecija
Kalikid Norte,City of Cabanatuan,Nueva Ecija
Kalikid Sur,City of Cabanatuan,Nueva Ecija
Lagare,City of Cabanatuan,Nueva Ecija
M. S. Garcia,City of Cabanatuan,Nueva Ecija
Mabini Extension,City of Cabanatuan,Nueva Ecija
Mabini Homesite,City of Cabanatuan,Nueva Ecija
Macatbong,City of Cabanatuan,Nueva Ecija
Magsaysay District,City of Cabanatuan,Nueva Ecija
Matadero,City of Cabanatuan,Nueva Ecija
Lourdes,City of Cabanatuan,Nueva Ecija
Mayapyap Norte,City of Cabanatuan,Nueva Ecija
Mayapyap Sur,City of Cabanatuan,Nueva Ecija
Melojavilla,City of Cabanatuan,Nueva Ecija
Obrero,City of Cabanatuan,Nueva Ecija
Padre Crisostomo,City of Cabanatuan,Nueva Ecija
Pagas,City of Cabanatuan,Nueva Ecija
Palagay,City of Cabanatuan,Nueva Ecija
Pamaldan,City of Cabanatuan,Nueva Ecija
Pangatian,City of Cabanatuan,Nueva Ecija
Patalac,City of Cabanatuan,Nueva Ecija
Polilio,City of Cabanatuan,Nueva Ecija
Pula,City of Cabanatuan,Nueva Ecija
Quezon District,City of Cabanatuan,Nueva Ecija
Rizdelis,City of Cabanatuan,Nueva Ecija
Samon,City of Cabanatuan,Nueva Ecija
San Isidro,City of Cabanatuan,Nueva Ecija
San Josef Norte,City of Cabanatuan,Nueva Ecija
San Josef Sur,City of Cabanatuan,Nueva Ecija
San Juan Pob.,City of Cabanatuan,Nueva Ecija
San Roque Norte,City of Cabanatuan,Nueva Ecija
San Roque Sur,City of Cabanatuan,Nueva Ecija
Sanbermicristi,City of Cabanatuan,Nueva Ecija
Sangitan,City of Cabanatuan,Nueva Ecija
Santa Arcadia,City of Cabanatuan,Nueva Ecija
Sumacab Norte,City of Cabanatuan,Nueva Ecija
Valdefuente,City of Cabanatuan,Nueva Ecija
Valle Cruz,City of Cabanatuan,Nueva Ecija
Vijandre District,City of Cabanatuan,Nueva Ecija
Villa Ofelia-Caridad,City of Cabanatuan,Nueva Ecija
Zulueta District,City of Cabanatuan,Nueva Ecija
Nabao,City of Cabanatuan,Nueva Ecija
Padre Burgos,City of Cabanatuan,Nueva Ecija
Talipapa,City of Cabanatuan,Nueva Ecija
Aduas Norte,City of Cabanatuan,Nueva Ecija
Aduas Sur,City of Cabanatuan,Nueva Ecija
"Hermogenes C. Concepcion, Sr.",City of Cabanatuan,Nueva Ecija
Sapang,City of Cabanatuan,Nueva Ecija
Sumacab Este,City of Cabanatuan,Nueva Ecija
Sumacab South,City of Cabanatuan,Nueva Ecija
Caridad,City of Cabanatuan,Nueva Ecija
Magsaysay South,City of Cabanatuan,Nueva Ecija
Maria Theresa,City of Cabanatuan,Nueva Ecija
Sangitan East,City of Cabanatuan,Nueva Ecija
Santo Niño,City of Cabanatuan,Nueva Ecija
Bagong Buhay,Cabiao,Nueva Ecija
Bagong Sikat,Cabiao,Nueva Ecija
Bagong Silang,Cabiao,Nueva Ecija
Concepcion,Cabiao,Nueva Ecija
Entablado,Cabiao,Nueva Ecija
Maligaya,Cabiao,Nueva Ecija
Natividad North,Cabiao,Nueva Ecija
Natividad South,Cabiao,Nueva Ecija
Palasinan,Cabiao,Nueva Ecija
San Antonio,Cabiao,Nueva Ecija
San Fernando Norte,Cabiao,Nueva Ecija
San Fernando Sur,Cabiao,Nueva Ecija
San Gregorio,Cabiao,Nueva Ecija
San Juan North,Cabiao,Nueva Ecija
San Juan South,Cabiao,Nueva Ecija
San Roque,Cabiao,Nueva Ecija
San Vicente,Cabiao,Nueva Ecija
Santa Rita,Cabiao,Nueva Ecija
Sinipit,Cabiao,Nueva Ecija
Polilio,Cabiao,Nueva Ecija
San Carlos,Cabiao,Nueva Ecija
Santa Isabel,Cabiao,Nueva Ecija
Santa Ines,Cabiao,Nueva Ecija
R.A.Padilla,Carranglan,Nueva Ecija
Bantug,Carranglan,Nueva Ecija
Bunga,Carranglan,Nueva Ecija
Burgos,Carranglan,Nueva Ecija
Capintalan,Carranglan,Nueva Ecija
Joson,Carranglan,Nueva Ecija
General Luna,Carranglan,Nueva Ecija
Minuli,Carranglan,Nueva Ecija
Piut,Carranglan,Nueva Ecija
Puncan,Carranglan,Nueva Ecija
Putlan,Carranglan,Nueva Ecija
Salazar,Carranglan,Nueva Ecija
San Agustin,Carranglan,Nueva Ecija
T. L. Padilla Pob.,Carranglan,Nueva Ecija
F. C. Otic Pob.,Carranglan,Nueva Ecija
D. L. Maglanoc Pob.,Carranglan,Nueva Ecija
G. S. Rosario Pob.,Carranglan,Nueva Ecija
Baloy,Cuyapo,Nueva Ecija
Bambanaba,Cuyapo,Nueva Ecija
Bantug,Cuyapo,Nueva Ecija
Bentigan,Cuyapo,Nueva Ecija
Bibiclat,Cuyapo,Nueva Ecija
Bonifacio,Cuyapo,Nueva Ecija
Bued,Cuyapo,Nueva Ecija
Bulala,Cuyapo,Nueva Ecija
Burgos,Cuyapo,Nueva Ecija
Cabileo,Cuyapo,Nueva Ecija
Cabatuan,Cuyapo,Nueva Ecija
Cacapasan,Cuyapo,Nueva Ecija
Calancuasan Norte,Cuyapo,Nueva Ecija
Calancuasan Sur,Cuyapo,Nueva Ecija
Colosboa,Cuyapo,Nueva Ecija
Columbitin,Cuyapo,Nueva Ecija
Curva,Cuyapo,Nueva Ecija
District I,Cuyapo,Nueva Ecija
District II,Cuyapo,Nueva Ecija
District IV,Cuyapo,Nueva Ecija
District V,Cuyapo,Nueva Ecija
District VI,Cuyapo,Nueva Ecija
District VII,Cuyapo,Nueva Ecija
District VIII,Cuyapo,Nueva Ecija
Landig,Cuyapo,Nueva Ecija
Latap,Cuyapo,Nueva Ecija
Loob,Cuyapo,Nueva Ecija
Luna,Cuyapo,Nueva Ecija
Malbeg-Patalan,Cuyapo,Nueva Ecija
Malineng,Cuyapo,Nueva Ecija
Matindeg,Cuyapo,Nueva Ecija
Maycaban,Cuyapo,Nueva Ecija
Nagcuralan,Cuyapo,Nueva Ecija
Nagmisahan,Cuyapo,Nueva Ecija
Paitan Norte,Cuyapo,Nueva Ecija
Paitan Sur,Cuyapo,Nueva Ecija
Piglisan,Cuyapo,Nueva Ecija
Pugo,Cuyapo,Nueva Ecija
Rizal,Cuyapo,Nueva Ecija
Sabit,Cuyapo,Nueva Ecija
Salagusog,Cuyapo,Nueva Ecija
San Antonio,Cuyapo,Nueva Ecija
San Jose,Cuyapo,Nueva Ecija
San Juan,Cuyapo,Nueva Ecija
Santa Clara,Cuyapo,Nueva Ecija
Santa Cruz,Cuyapo,Nueva Ecija
Simimbaan,Cuyapo,Nueva Ecija
Tagtagumbao,Cuyapo,Nueva Ecija
Tutuloy,Cuyapo,Nueva Ecija
Ungab,Cuyapo,Nueva Ecija
Villaflores,Cuyapo,Nueva Ecija
Bagong Sikat,Gabaldon,Nueva Ecija
Bagting,Gabaldon,Nueva Ecija
Bantug,Gabaldon,Nueva Ecija
Bitulok,Gabaldon,Nueva Ecija
Bugnan,Gabaldon,Nueva Ecija
Calabasa,Gabaldon,Nueva Ecija
Camachile,Gabaldon,Nueva Ecija
Cuyapa,Gabaldon,Nueva Ecija
Ligaya,Gabaldon,Nueva Ecija
Macasandal,Gabaldon,Nueva Ecija
Malinao,Gabaldon,Nueva Ecija
Pantoc,Gabaldon,Nueva Ecija
Pinamalisan,Gabaldon,Nueva Ecija
South Poblacion,Gabaldon,Nueva Ecija
Sawmill,Gabaldon,Nueva Ecija
Tagumpay,Gabaldon,Nueva Ecija
Bayanihan,City of Gapan,Nueva Ecija
Bulak,City of Gapan,Nueva Ecija
Kapalangan,City of Gapan,Nueva Ecija
Mahipon,City of Gapan,Nueva Ecija
Malimba,City of Gapan,Nueva Ecija
Mangino,City of Gapan,Nueva Ecija
Marelo,City of Gapan,Nueva Ecija
Pambuan,City of Gapan,Nueva Ecija
Parcutela,City of Gapan,Nueva Ecija
San Lorenzo,City of Gapan,Nueva Ecija
San Nicolas,City of Gapan,Nueva Ecija
San Roque,City of Gapan,Nueva Ecija
San Vicente,City of Gapan,Nueva Ecija
Santa Cruz,City of Gapan,Nueva Ecija
Santo Cristo Norte,City of Gapan,Nueva Ecija
Santo Cristo Sur,City of Gapan,Nueva Ecija
Santo Niño,City of Gapan,Nueva Ecija
Makabaclay,City of Gapan,Nueva Ecija
Balante,City of Gapan,Nueva Ecija
Bungo,City of Gapan,Nueva Ecija
Mabunga,City of Gapan,Nueva Ecija
Maburak,City of Gapan,Nueva Ecija
Puting Tubig,City of Gapan,Nueva Ecija
Balangkare Norte,General Mamerto Natividad,Nueva Ecija
Balangkare Sur,General Mamerto Natividad,Nueva Ecija
Balaring,General Mamerto Natividad,Nueva Ecija
Belen,General Mamerto Natividad,Nueva Ecija
Bravo,General Mamerto Natividad,Nueva Ecija
Burol,General Mamerto Natividad,Nueva Ecija
Kabulihan,General Mamerto Natividad,Nueva Ecija
Mag-asawang Sampaloc,General Mamerto Natividad,Nueva Ecija
Manarog,General Mamerto Natividad,Nueva Ecija
Mataas na Kahoy,General Mamerto Natividad,Nueva Ecija
Panacsac,General Mamerto Natividad,Nueva Ecija
Picaleon,General Mamerto Natividad,Nueva Ecija
Pinahan,General Mamerto Natividad,Nueva Ecija
Platero,General Mamerto Natividad,Nueva Ecija
Poblacion,General Mamerto Natividad,Nueva Ecija
Pula,General Mamerto Natividad,Nueva Ecija
Pulong Singkamas,General Mamerto Natividad,Nueva Ecija
Sapang Bato,General Mamerto Natividad,Nueva Ecija
Talabutab Norte,General Mamerto Natividad,Nueva Ecija
Talabutab Sur,General Mamerto Natividad,Nueva Ecija
Bago,General Tinio,Nueva Ecija
Concepcion,General Tinio,Nueva Ecija
Nazareth,General Tinio,Nueva Ecija
Padolina,General Tinio,Nueva Ecija
Pias,General Tinio,Nueva Ecija
San Pedro,General Tinio,Nueva Ecija
Poblacion East,General Tinio,Nueva Ecija
Poblacion West,General Tinio,Nueva Ecija
Rio Chico,General Tinio,Nueva Ecija
Poblacion Central,General Tinio,Nueva Ecija
Pulong Matong,General Tinio,Nueva Ecija
Sampaguita,General Tinio,Nueva Ecija
Palale,General Tinio,Nueva Ecija
Agcano,Guimba,Nueva Ecija
Ayos Lomboy,Guimba,Nueva Ecija
Bacayao,Guimba,Nueva Ecija
Bagong Barrio,Guimba,Nueva Ecija
Balbalino,Guimba,Nueva Ecija
Balingog East,Guimba,Nueva Ecija
Balingog West,Guimba,Nueva Ecija
Banitan,Guimba,Nueva Ecija
Bantug,Guimba,Nueva Ecija
Bulakid,Guimba,Nueva Ecija
Caballero,Guimba,Nueva Ecija
Cabaruan,Guimba,Nueva Ecija
Caingin Tabing Ilog,Guimba,Nueva Ecija
Calem,Guimba,Nueva Ecija
Camiing,Guimba,Nueva Ecija
Cardinal,Guimba,Nueva Ecija
Casongsong,Guimba,Nueva Ecija
Catimon,Guimba,Nueva Ecija
Cavite,Guimba,Nueva Ecija
Cawayan Bugtong,Guimba,Nueva Ecija
Consuelo,Guimba,Nueva Ecija
Culong,Guimba,Nueva Ecija
Escano,Guimba,Nueva Ecija
Faigal,Guimba,Nueva Ecija
Galvan,Guimba,Nueva Ecija
Guiset,Guimba,Nueva Ecija
Lamorito,Guimba,Nueva Ecija
Lennec,Guimba,Nueva Ecija
Macamias,Guimba,Nueva Ecija
Macapabellag,Guimba,Nueva Ecija
Macatcatuit,Guimba,Nueva Ecija
Manacsac,Guimba,Nueva Ecija
Manggang Marikit,Guimba,Nueva Ecija
Maturanoc,Guimba,Nueva Ecija
Maybubon,Guimba,Nueva Ecija
Naglabrahan,Guimba,Nueva Ecija
Nagpandayan,Guimba,Nueva Ecija
Narvacan I,Guimba,Nueva Ecija
Narvacan II,Guimba,Nueva Ecija
Pacac,Guimba,Nueva Ecija
Partida I,Guimba,Nueva Ecija
Partida II,Guimba,Nueva Ecija
Pasong Inchic,Guimba,Nueva Ecija
Saint John District,Guimba,Nueva Ecija
San Agustin,Guimba,Nueva Ecija
San Andres,Guimba,Nueva Ecija
San Bernardino,Guimba,Nueva Ecija
San Marcelino,Guimba,Nueva Ecija
San Miguel,Guimba,Nueva Ecija
San Rafael,Guimba,Nueva Ecija
San Roque,Guimba,Nueva Ecija
Santa Ana,Guimba,Nueva Ecija
Santa Cruz,Guimba,Nueva Ecija
Santa Lucia,Guimba,Nueva Ecija
Santa Veronica District,Guimba,Nueva Ecija
Santo Cristo District,Guimba,Nueva Ecija
Saranay District,Guimba,Nueva Ecija
Sinulatan,Guimba,Nueva Ecija
Subol,Guimba,Nueva Ecija
Tampac I,Guimba,Nueva Ecija
Tampac II & III,Guimba,Nueva Ecija
Triala,Guimba,Nueva Ecija
Yuson,Guimba,Nueva Ecija
Bunol,Guimba,Nueva Ecija
Calabasa,Jaen,Nueva Ecija
Dampulan,Jaen,Nueva Ecija
Hilera,Jaen,Nueva Ecija
Imbunia,Jaen,Nueva Ecija
Imelda Pob.,Jaen,Nueva Ecija
Lambakin,Jaen,Nueva Ecija
Langla,Jaen,Nueva Ecija
Magsalisi,Jaen,Nueva Ecija
Malabon-Kaingin,Jaen,Nueva Ecija
Marawa,Jaen,Nueva Ecija
Don Mariano Marcos,Jaen,Nueva Ecija
San Josef,Jaen,Nueva Ecija
Niyugan,Jaen,Nueva Ecija
Pamacpacan,Jaen,Nueva Ecija
Pakol,Jaen,Nueva Ecija
Pinanggaan,Jaen,Nueva Ecija
Ulanin-Pitak,Jaen,Nueva Ecija
Putlod,Jaen,Nueva Ecija
Ocampo-Rivera District,Jaen,Nueva Ecija
San Jose,Jaen,Nueva Ecija
San Pablo,Jaen,Nueva Ecija
San Roque,Jaen,Nueva Ecija
San Vicente,Jaen,Nueva Ecija
Santa Rita,Jaen,Nueva Ecija
Santo Tomas North,Jaen,Nueva Ecija
Santo Tomas South,Jaen,Nueva Ecija
Sapang,Jaen,Nueva Ecija
Barangay I,Laur,Nueva Ecija
Barangay II,Laur,Nueva Ecija
Barangay III,Laur,Nueva Ecija
Barangay IV,Laur,Nueva Ecija
Betania,Laur,Nueva Ecija
Canantong,Laur,Nueva Ecija
Nauzon,Laur,Nueva Ecija
Pangarulong,Laur,Nueva Ecija
Pinagbayanan,Laur,Nueva Ecija
Sagana,Laur,Nueva Ecija
San Fernando,Laur,Nueva Ecija
San Isidro,Laur,Nueva Ecija
San Josef,Laur,Nueva Ecija
San Juan,Laur,Nueva Ecija
San Vicente,Laur,Nueva Ecija
Siclong,Laur,Nueva Ecija
San Felipe,Laur,Nueva Ecija
Linao,Licab,Nueva Ecija
Poblacion Norte,Licab,Nueva Ecija
Poblacion Sur,Licab,Nueva Ecija
San Casimiro,Licab,Nueva Ecija
San Cristobal,Licab,Nueva Ecija
San Jose,Licab,Nueva Ecija
San Juan,Licab,Nueva Ecija
Santa Maria,Licab,Nueva Ecija
Tabing Ilog,Licab,Nueva Ecija
Villarosa,Licab,Nueva Ecija
Aquino,Licab,Nueva Ecija
A. Bonifacio,Llanera,Nueva Ecija
Caridad Norte,Llanera,Nueva Ecija
Caridad Sur,Llanera,Nueva Ecija
Casile,Llanera,Nueva Ecija
Florida Blanca,Llanera,Nueva Ecija
General Luna,Llanera,Nueva Ecija
General Ricarte,Llanera,Nueva Ecija
Gomez,Llanera,Nueva Ecija
Inanama,Llanera,Nueva Ecija
Ligaya,Llanera,Nueva Ecija
Mabini,Llanera,Nueva Ecija
Murcon,Llanera,Nueva Ecija
Plaridel,Llanera,Nueva Ecija
Bagumbayan,Llanera,Nueva Ecija
San Felipe,Llanera,Nueva Ecija
San Francisco,Llanera,Nueva Ecija
San Nicolas,Llanera,Nueva Ecija
San Vicente,Llanera,Nueva Ecija
Santa Barbara,Llanera,Nueva Ecija
Victoria,Llanera,Nueva Ecija
Villa Viniegas,Llanera,Nueva Ecija
Bosque,Llanera,Nueva Ecija
Agupalo Este,Lupao,Nueva Ecija
Agupalo Weste,Lupao,Nueva Ecija
Alalay Chica,Lupao,Nueva Ecija
Alalay Grande,Lupao,Nueva Ecija
J. U. Tienzo,Lupao,Nueva Ecija
Bagong Flores,Lupao,Nueva Ecija
Balbalungao,Lupao,Nueva Ecija
Burgos,Lupao,Nueva Ecija
Cordero,Lupao,Nueva Ecija
Mapangpang,Lupao,Nueva Ecija
Namulandayan,Lupao,Nueva Ecija
Parista,Lupao,Nueva Ecija
Poblacion East,Lupao,Nueva Ecija
Poblacion North,Lupao,Nueva Ecija
Poblacion South,Lupao,Nueva Ecija
Poblacion West,Lupao,Nueva Ecija
Salvacion I,Lupao,Nueva Ecija
Salvacion II,Lupao,Nueva Ecija
San Antonio Este,Lupao,Nueva Ecija
San Antonio Weste,Lupao,Nueva Ecija
San Isidro,Lupao,Nueva Ecija
San Pedro,Lupao,Nueva Ecija
San Roque,Lupao,Nueva Ecija
Santo Domingo,Lupao,Nueva Ecija
Bagong Sikat,Science City of Muñoz,Nueva Ecija
Balante,Science City of Muñoz,Nueva Ecija
Bantug,Science City of Muñoz,Nueva Ecija
Bical,Science City of Muñoz,Nueva Ecija
Cabisuculan,Science City of Muñoz,Nueva Ecija
Calabalabaan,Science City of Muñoz,Nueva Ecija
Calisitan,Science City of Muñoz,Nueva Ecija
Catalanacan,Science City of Muñoz,Nueva Ecija
Curva,Science City of Muñoz,Nueva Ecija
Franza,Science City of Muñoz,Nueva Ecija
Gabaldon,Science City of Muñoz,Nueva Ecija
Labney,Science City of Muñoz,Nueva Ecija
Licaong,Science City of Muñoz,Nueva Ecija
Linglingay,Science City of Muñoz,Nueva Ecija
Mangandingay,Science City of Muñoz,Nueva Ecija
Magtanggol,Science City of Muñoz,Nueva Ecija
Maligaya,Science City of Muñoz,Nueva Ecija
Mapangpang,Science City of Muñoz,Nueva Ecija
Maragol,Science City of Muñoz,Nueva Ecija
Matingkis,Science City of Muñoz,Nueva Ecija
Naglabrahan,Science City of Muñoz,Nueva Ecija
Palusapis,Science City of Muñoz,Nueva Ecija
Pandalla,Science City of Muñoz,Nueva Ecija
Poblacion East,Science City of Muñoz,Nueva Ecija
Poblacion North,Science City of Muñoz,Nueva Ecija
Poblacion South,Science City of Muñoz,Nueva Ecija
Poblacion West,Science City of Muñoz,Nueva Ecija
Rang-ayan,Science City of Muñoz,Nueva Ecija
Rizal,Science City of Muñoz,Nueva Ecija
San Andres,Science City of Muñoz,Nueva Ecija
San Antonio,Science City of Muñoz,Nueva Ecija
San Felipe,Science City of Muñoz,Nueva Ecija
Sapang Cawayan,Science City of Muñoz,Nueva Ecija
Villa Isla,Science City of Muñoz,Nueva Ecija
Villa Nati,Science City of Muñoz,Nueva Ecija
Villa Santos,Science City of Muñoz,Nueva Ecija
Villa Cuizon,Science City of Muñoz,Nueva Ecija
Alemania,Nampicuan,Nueva Ecija
Ambasador Alzate Village,Nampicuan,Nueva Ecija
Cabaducan East,Nampicuan,Nueva Ecija
Cabaducan West,Nampicuan,Nueva Ecija
Cabawangan,Nampicuan,Nueva Ecija
East Central Poblacion,Nampicuan,Nueva Ecija
Edy,Nampicuan,Nueva Ecija
Maeling,Nampicuan,Nueva Ecija
Mayantoc,Nampicuan,Nueva Ecija
Medico,Nampicuan,Nueva Ecija
Monic,Nampicuan,Nueva Ecija
North Poblacion,Nampicuan,Nueva Ecija
Northwest Poblacion,Nampicuan,Nueva Ecija
Estacion,Nampicuan,Nueva Ecija
West Poblacion,Nampicuan,Nueva Ecija
Recuerdo,Nampicuan,Nueva Ecija
South Central Poblacion,Nampicuan,Nueva Ecija
Southeast Poblacion,Nampicuan,Nueva Ecija
Southwest Poblacion,Nampicuan,Nueva Ecija
Tony,Nampicuan,Nueva Ecija
West Central Poblacion,Nampicuan,Nueva Ecija
Aulo,City of Palayan,Nueva Ecija
Bo. Militar,City of Palayan,Nueva Ecija
Ganaderia,City of Palayan,Nueva Ecija
Maligaya,City of Palayan,Nueva Ecija
Manacnac,City of Palayan,Nueva Ecija
Mapait,City of Palayan,Nueva Ecija
Marcos Village,City of Palayan,Nueva Ecija
Malate,City of Palayan,Nueva Ecija
Sapang Buho,City of Palayan,Nueva Ecija
Singalat,City of Palayan,Nueva Ecija
Atate,City of Palayan,Nueva Ecija
Caballero,City of Palayan,Nueva Ecija
Caimito,City of Palayan,Nueva Ecija
Doña Josefa,City of Palayan,Nueva Ecija
Imelda Valley,City of Palayan,Nueva Ecija
Langka,City of Palayan,Nueva Ecija
Santolan,City of Palayan,Nueva Ecija
Popolon Pagas,City of Palayan,Nueva Ecija
Bagong Buhay,City of Palayan,Nueva Ecija
Cadaclan,Pantabangan,Nueva Ecija
Cambitala,Pantabangan,Nueva Ecija
Conversion,Pantabangan,Nueva Ecija
Ganduz,Pantabangan,Nueva Ecija
Liberty,Pantabangan,Nueva Ecija
Malbang,Pantabangan,Nueva Ecija
Marikit,Pantabangan,Nueva Ecija
Napon-Napon,Pantabangan,Nueva Ecija
Poblacion East,Pantabangan,Nueva Ecija
Poblacion West,Pantabangan,Nueva Ecija
Sampaloc,Pantabangan,Nueva Ecija
San Juan,Pantabangan,Nueva Ecija
Villarica,Pantabangan,Nueva Ecija
Fatima,Pantabangan,Nueva Ecija
Callos,Peñaranda,Nueva Ecija
Las Piñas,Peñaranda,Nueva Ecija
Poblacion I,Peñaranda,Nueva Ecija
Poblacion II,Peñaranda,Nueva Ecija
Poblacion III,Peñaranda,Nueva Ecija
Poblacion IV,Peñaranda,Nueva Ecija
Santo Tomas,Peñaranda,Nueva Ecija
Sinasajan,Peñaranda,Nueva Ecija
San Josef,Peñaranda,Nueva Ecija
San Mariano,Peñaranda,Nueva Ecija
Bertese,Quezon,Nueva Ecija
Doña Lucia,Quezon,Nueva Ecija
Dulong Bayan,Quezon,Nueva Ecija
Ilog Baliwag,Quezon,Nueva Ecija
Barangay I,Quezon,Nueva Ecija
Barangay II,Quezon,Nueva Ecija
Pulong Bahay,Quezon,Nueva Ecija
San Alejandro,Quezon,Nueva Ecija
San Andres I,Quezon,Nueva Ecija
San Andres II,Quezon,Nueva Ecija
San Manuel,Quezon,Nueva Ecija
Santa Clara,Quezon,Nueva Ecija
Santa Rita,Quezon,Nueva Ecija
Santo Cristo,Quezon,Nueva Ecija
Santo Tomas Feria,Quezon,Nueva Ecija
San Miguel,Quezon,Nueva Ecija
Agbannawag,Rizal,Nueva Ecija
Bicos,Rizal,Nueva Ecija
Cabucbucan,Rizal,Nueva Ecija
Calaocan District,Rizal,Nueva Ecija
Canaan East,Rizal,Nueva Ecija
Canaan West,Rizal,Nueva Ecija
Casilagan,Rizal,Nueva Ecija
Aglipay,Rizal,Nueva Ecija
Del Pilar,Rizal,Nueva Ecija
Estrella,Rizal,Nueva Ecija
General Luna,Rizal,Nueva Ecija
Macapsing,Rizal,Nueva Ecija
Maligaya,Rizal,Nueva Ecija
Paco Roman,Rizal,Nueva Ecija
Pag-asa,Rizal,Nueva Ecija
Poblacion Central,Rizal,Nueva Ecija
Poblacion East,Rizal,Nueva Ecija
Poblacion Norte,Rizal,Nueva Ecija
Poblacion Sur,Rizal,Nueva Ecija
Poblacion West,Rizal,Nueva Ecija
Portal,Rizal,Nueva Ecija
San Esteban,Rizal,Nueva Ecija
Santa Monica,Rizal,Nueva Ecija
Villa Labrador,Rizal,Nueva Ecija
Villa Paraiso,Rizal,Nueva Ecija
San Gregorio,Rizal,Nueva Ecija
Buliran,San Antonio,Nueva Ecija
Cama Juan,San Antonio,Nueva Ecija
Julo,San Antonio,Nueva Ecija
Lawang Kupang,San Antonio,Nueva Ecija
Luyos,San Antonio,Nueva Ecija
Maugat,San Antonio,Nueva Ecija
Panabingan,San Antonio,Nueva Ecija
Papaya,San Antonio,Nueva Ecija
Poblacion,San Antonio,Nueva Ecija
San Francisco,San Antonio,Nueva Ecija
San Jose,San Antonio,Nueva Ecija
San Mariano,San Antonio,Nueva Ecija
Santa Cruz,San Antonio,Nueva Ecija
Santo Cristo,San Antonio,Nueva Ecija
Santa Barbara,San Antonio,Nueva Ecija
Tikiw,San Antonio,Nueva Ecija
Alua,San Isidro,Nueva Ecija
Calaba,San Isidro,Nueva Ecija
Malapit,San Isidro,Nueva Ecija
Mangga,San Isidro,Nueva Ecija
Poblacion,San Isidro,Nueva Ecija
Pulo,San Isidro,Nueva Ecija
San Roque,San Isidro,Nueva Ecija
Sto. Cristo,San Isidro,Nueva Ecija
Tabon,San Isidro,Nueva Ecija
A. Pascual,San Jose City,Nueva Ecija
Abar Ist,San Jose City,Nueva Ecija
Abar 2nd,San Jose City,Nueva Ecija
Bagong Sikat,San Jose City,Nueva Ecija
Caanawan,San Jose City,Nueva Ecija
Calaocan,San Jose City,Nueva Ecija
Camanacsacan,San Jose City,Nueva Ecija
Culaylay,San Jose City,Nueva Ecija
Dizol,San Jose City,Nueva Ecija
Kaliwanagan,San Jose City,Nueva Ecija
Kita-Kita,San Jose City,Nueva Ecija
Malasin,San Jose City,Nueva Ecija
Manicla,San Jose City,Nueva Ecija
Palestina,San Jose City,Nueva Ecija
Parang Mangga,San Jose City,Nueva Ecija
Villa Joson,San Jose City,Nueva Ecija
Pinili,San Jose City,Nueva Ecija
"Rafael Rueda, Sr. Pob.",San Jose City,Nueva Ecija
Ferdinand E. Marcos Pob.,San Jose City,Nueva Ecija
Canuto Ramos Pob.,San Jose City,Nueva Ecija
Raymundo Eugenio Pob.,San Jose City,Nueva Ecija
Crisanto Sanchez Pob.,San Jose City,Nueva Ecija
Porais,San Jose City,Nueva Ecija
San Agustin,San Jose City,Nueva Ecija
San Juan,San Jose City,Nueva Ecija
San Mauricio,San Jose City,Nueva Ecija
Santo Niño 1st,San Jose City,Nueva Ecija
Santo Niño 2nd,San Jose City,Nueva Ecija
Santo Tomas,San Jose City,Nueva Ecija
Sibut,San Jose City,Nueva Ecija
Sinipit Bubon,San Jose City,Nueva Ecija
Santo Niño 3rd,San Jose City,Nueva Ecija
Tabulac,San Jose City,Nueva Ecija
Tayabo,San Jose City,Nueva Ecija
Tondod,San Jose City,Nueva Ecija
Tulat,San Jose City,Nueva Ecija
Villa Floresca,San Jose City,Nueva Ecija
Villa Marina,San Jose City,Nueva Ecija
Bonifacio District,San Leonardo,Nueva Ecija
Burgos District,San Leonardo,Nueva Ecija
Castellano,San Leonardo,Nueva Ecija
Diversion,San Leonardo,Nueva Ecija
Magpapalayoc,San Leonardo,Nueva Ecija
Mallorca,San Leonardo,Nueva Ecija
Mambangnan,San Leonardo,Nueva Ecija
Nieves,San Leonardo,Nueva Ecija
San Bartolome,San Leonardo,Nueva Ecija
Rizal District,San Leonardo,Nueva Ecija
San Anton,San Leonardo,Nueva Ecija
San Roque,San Leonardo,Nueva Ecija
Tabuating,San Leonardo,Nueva Ecija
Tagumpay,San Leonardo,Nueva Ecija
Tambo Adorable,San Leonardo,Nueva Ecija
Cojuangco,Santa Rosa,Nueva Ecija
La Fuente,Santa Rosa,Nueva Ecija
Liwayway,Santa Rosa,Nueva Ecija
Malacañang,Santa Rosa,Nueva Ecija
Maliolio,Santa Rosa,Nueva Ecija
Mapalad,Santa Rosa,Nueva Ecija
Rizal,Santa Rosa,Nueva Ecija
Rajal Centro,Santa Rosa,Nueva Ecija
Rajal Norte,Santa Rosa,Nueva Ecija
Rajal Sur,Santa Rosa,Nueva Ecija
San Gregorio,Santa Rosa,Nueva Ecija
San Mariano,Santa Rosa,Nueva Ecija
San Pedro,Santa Rosa,Nueva Ecija
Santo Rosario,Santa Rosa,Nueva Ecija
Soledad,Santa Rosa,Nueva Ecija
Valenzuela,Santa Rosa,Nueva Ecija
Zamora,Santa Rosa,Nueva Ecija
Aguinaldo,Santa Rosa,Nueva Ecija
Berang,Santa Rosa,Nueva Ecija
Burgos,Santa Rosa,Nueva Ecija
Del Pilar,Santa Rosa,Nueva Ecija
Gomez,Santa Rosa,Nueva Ecija
Inspector,Santa Rosa,Nueva Ecija
Isla,Santa Rosa,Nueva Ecija
Lourdes,Santa Rosa,Nueva Ecija
Luna,Santa Rosa,Nueva Ecija
Mabini,Santa Rosa,Nueva Ecija
San Isidro,Santa Rosa,Nueva Ecija
San Josep,Santa Rosa,Nueva Ecija
Santa Teresita,Santa Rosa,Nueva Ecija
Sapsap,Santa Rosa,Nueva Ecija
Tagpos,Santa Rosa,Nueva Ecija
Tramo,Santa Rosa,Nueva Ecija
Baloc,Santo Domingo,Nueva Ecija
Buasao,Santo Domingo,Nueva Ecija
Burgos,Santo Domingo,Nueva Ecija
Cabugao,Santo Domingo,Nueva Ecija
Casulucan,Santo Domingo,Nueva Ecija
Comitang,Santo Domingo,Nueva Ecija
Concepcion,Santo Domingo,Nueva Ecija
Dolores,Santo Domingo,Nueva Ecija
General Luna,Santo Domingo,Nueva Ecija
Hulo,Santo Domingo,Nueva Ecija
Mabini,Santo Domingo,Nueva Ecija
Malasin,Santo Domingo,Nueva Ecija
Malayantoc,Santo Domingo,Nueva Ecija
Mambarao,Santo Domingo,Nueva Ecija
Poblacion,Santo Domingo,Nueva Ecija
Malaya,Santo Domingo,Nueva Ecija
Pulong Buli,Santo Domingo,Nueva Ecija
Sagaba,Santo Domingo,Nueva Ecija
San Agustin,Santo Domingo,Nueva Ecija
San Fabian,Santo Domingo,Nueva Ecija
San Francisco,Santo Domingo,Nueva Ecija
San Pascual,Santo Domingo,Nueva Ecija
Santa Rita,Santo Domingo,Nueva Ecija
Santo Rosario,Santo Domingo,Nueva Ecija
Andal Alino,Talavera,Nueva Ecija
Bagong Sikat,Talavera,Nueva Ecija
Bagong Silang,Talavera,Nueva Ecija
Bakal I,Talavera,Nueva Ecija
Bakal II,Talavera,Nueva Ecija
Bakal III,Talavera,Nueva Ecija
Baluga,Talavera,Nueva Ecija
Bantug,Talavera,Nueva Ecija
Bantug Hacienda,Talavera,Nueva Ecija
Bantug Hamog,Talavera,Nueva Ecija
Bugtong na Buli,Talavera,Nueva Ecija
Bulac,Talavera,Nueva Ecija
Burnay,Talavera,Nueva Ecija
Calipahan,Talavera,Nueva Ecija
Campos,Talavera,Nueva Ecija
Casulucan Este,Talavera,Nueva Ecija
Collado,Talavera,Nueva Ecija
Dimasalang Norte,Talavera,Nueva Ecija
Dimasalang Sur,Talavera,Nueva Ecija
Dinarayat,Talavera,Nueva Ecija
Esguerra District,Talavera,Nueva Ecija
Gulod,Talavera,Nueva Ecija
Homestead I,Talavera,Nueva Ecija
Homestead II,Talavera,Nueva Ecija
Cabubulaonan,Talavera,Nueva Ecija
Caaniplahan,Talavera,Nueva Ecija
Caputican,Talavera,Nueva Ecija
Kinalanguyan,Talavera,Nueva Ecija
La Torre,Talavera,Nueva Ecija
Lomboy,Talavera,Nueva Ecija
Mabuhay,Talavera,Nueva Ecija
Maestrang Kikay,Talavera,Nueva Ecija
Mamandil,Talavera,Nueva Ecija
Marcos District,Talavera,Nueva Ecija
Purok Matias,Talavera,Nueva Ecija
Matingkis,Talavera,Nueva Ecija
Minabuyoc,Talavera,Nueva Ecija
Pag-asa,Talavera,Nueva Ecija
Paludpod,Talavera,Nueva Ecija
Pantoc Bulac,Talavera,Nueva Ecija
Pinagpanaan,Talavera,Nueva Ecija
Poblacion Sur,Talavera,Nueva Ecija
Pula,Talavera,Nueva Ecija
Pulong San Miguel,Talavera,Nueva Ecija
Sampaloc,Talavera,Nueva Ecija
San Miguel na Munti,Talavera,Nueva Ecija
San Pascual,Talavera,Nueva Ecija
San Ricardo,Talavera,Nueva Ecija
Sibul,Talavera,Nueva Ecija
Sicsican Matanda,Talavera,Nueva Ecija
Tabacao,Talavera,Nueva Ecija
Tagaytay,Talavera,Nueva Ecija
Valle,Talavera,Nueva Ecija
Alula,Talugtug,Nueva Ecija
Baybayabas,Talugtug,Nueva Ecija
Buted,Talugtug,Nueva Ecija
Cabiangan,Talugtug,Nueva Ecija
Calisitan,Talugtug,Nueva Ecija
Cinense,Talugtug,Nueva Ecija
Culiat,Talugtug,Nueva Ecija
Maasin,Talugtug,Nueva Ecija
Magsaysay,Talugtug,Nueva Ecija
Mayamot I,Talugtug,Nueva Ecija
Mayamot II,Talugtug,Nueva Ecija
Nangabulan,Talugtug,Nueva Ecija
Osmeña,Talugtug,Nueva Ecija
Pangit,Talugtug,Nueva Ecija
Patola,Talugtug,Nueva Ecija
Quezon,Talugtug,Nueva Ecija
Quirino,Talugtug,Nueva Ecija
Roxas,Talugtug,Nueva Ecija
Saguing,Talugtug,Nueva Ecija
Sampaloc,Talugtug,Nueva Ecija
Santa Catalina,Talugtug,Nueva Ecija
Santo Domingo,Talugtug,Nueva Ecija
Saringaya,Talugtug,Nueva Ecija
Saverona,Talugtug,Nueva Ecija
Tandoc,Talugtug,Nueva Ecija
Tibag,Talugtug,Nueva Ecija
Villa Rosario,Talugtug,Nueva Ecija
Villa Boado,Talugtug,Nueva Ecija
Villa Rosenda,Talugtug,Nueva Ecija
Batitang,Zaragoza,Nueva Ecija
Carmen,Zaragoza,Nueva Ecija
Concepcion,Zaragoza,Nueva Ecija
Del Pilar,Zaragoza,Nueva Ecija
General Luna,Zaragoza,Nueva Ecija
H. Romero,Zaragoza,Nueva Ecija
Macarse,Zaragoza,Nueva Ecija
Manaul,Zaragoza,Nueva Ecija
Mayamot,Zaragoza,Nueva Ecija
Pantoc,Zaragoza,Nueva Ecija
San Vicente,Zaragoza,Nueva Ecija
San Isidro,Zaragoza,Nueva Ecija
San Rafael,Zaragoza,Nueva Ecija
Santa Cruz,Zaragoza,Nueva Ecija
Santa Lucia Old,Zaragoza,Nueva Ecija
Santa Lucia Young,Zaragoza,Nueva Ecija
Santo Rosario Old,Zaragoza,Nueva Ecija
Santo Rosario Young,Zaragoza,Nueva Ecija
Valeriana,Zaragoza,Nueva Ecija
Barangay I,Baler,Aurora
Barangay II,Baler,Aurora
Barangay III,Baler,Aurora
Barangay IV,Baler,Aurora
Barangay V,Baler,Aurora
Buhangin,Baler,Aurora
Calabuanan,Baler,Aurora
Obligacion,Baler,Aurora
Pingit,Baler,Aurora
Reserva,Baler,Aurora
Sabang,Baler,Aurora
Suclayin,Baler,Aurora
Zabali,Baler,Aurora
Barangay 1,Casiguran,Aurora
Barangay 2,Casiguran,Aurora
Barangay 3,Casiguran,Aurora
Barangay 4,Casiguran,Aurora
Barangay 5,Casiguran,Aurora
Barangay 6,Casiguran,Aurora
Barangay 7,Casiguran,Aurora
Barangay 8,Casiguran,Aurora
Calabgan,Casiguran,Aurora
Calangcuasan,Casiguran,Aurora
Calantas,Casiguran,Aurora
Culat,Casiguran,Aurora
Dibet,Casiguran,Aurora
Esperanza,Casiguran,Aurora
Lual,Casiguran,Aurora
Marikit,Casiguran,Aurora
Tabas,Casiguran,Aurora
Tinib,Casiguran,Aurora
Bianoan,Casiguran,Aurora
Cozo,Casiguran,Aurora
Dibacong,Casiguran,Aurora
Ditinagyan,Casiguran,Aurora
Esteves,Casiguran,Aurora
San Ildefonso,Casiguran,Aurora
Diagyan,Dilasag,Aurora
Dicabasan,Dilasag,Aurora
Dilaguidi,Dilasag,Aurora
Dimaseset,Dilasag,Aurora
Diniog,Dilasag,Aurora
Lawang,Dilasag,Aurora
Maligaya,Dilasag,Aurora
Manggitahan,Dilasag,Aurora
Masagana,Dilasag,Aurora
Ura,Dilasag,Aurora
Esperanza,Dilasag,Aurora
Abuleg,Dinalungan,Aurora
Zone I,Dinalungan,Aurora
Zone II,Dinalungan,Aurora
Nipoo,Dinalungan,Aurora
Dibaraybay,Dinalungan,Aurora
Ditawini,Dinalungan,Aurora
Mapalad,Dinalungan,Aurora
Paleg,Dinalungan,Aurora
Simbahan,Dinalungan,Aurora
Aplaya,Dingalan,Aurora
Butas Na Bato,Dingalan,Aurora
Cabog,Dingalan,Aurora
Caragsacan,Dingalan,Aurora
Davildavilan,Dingalan,Aurora
Dikapanikian,Dingalan,Aurora
Ibona,Dingalan,Aurora
Paltic,Dingalan,Aurora
Poblacion,Dingalan,Aurora
Tanawan,Dingalan,Aurora
Umiray,Dingalan,Aurora
Bayabas,Dipaculao,Aurora
Buenavista,Dipaculao,Aurora
Borlongan,Dipaculao,Aurora
Calaocan,Dipaculao,Aurora
Dianed,Dipaculao,Aurora
Diarabasin,Dipaculao,Aurora
Dibutunan,Dipaculao,Aurora
Dimabuno,Dipaculao,Aurora
Dinadiawan,Dipaculao,Aurora
Ditale,Dipaculao,Aurora
Gupa,Dipaculao,Aurora
Ipil,Dipaculao,Aurora
Laboy,Dipaculao,Aurora
Lipit,Dipaculao,Aurora
Lobbot,Dipaculao,Aurora
Maligaya,Dipaculao,Aurora
Mijares,Dipaculao,Aurora
Mucdol,Dipaculao,Aurora
North Poblacion,Dipaculao,Aurora
Puangi,Dipaculao,Aurora
Salay,Dipaculao,Aurora
Sapangkawayan,Dipaculao,Aurora
South Poblacion,Dipaculao,Aurora
Toytoyan,Dipaculao,Aurora
Diamanen,Dipaculao,Aurora
Alcala,Maria Aurora,Aurora
Bagtu,Maria Aurora,Aurora
Bangco,Maria Aurora,Aurora
Bannawag,Maria Aurora,Aurora
Barangay I,Maria Aurora,Aurora
Barangay II,Maria Aurora,Aurora
Barangay III,Maria Aurora,Aurora
Barangay IV,Maria Aurora,Aurora
Baubo,Maria Aurora,Aurora
Bayanihan,Maria Aurora,Aurora
Bazal,Maria Aurora,Aurora
Cabituculan East,Maria Aurora,Aurora
Cabituculan West,Maria Aurora,Aurora
Debucao,Maria Aurora,Aurora
Decoliat,Maria Aurora,Aurora
Detailen,Maria Aurora,Aurora
Diaat,Maria Aurora,Aurora
Dialatman,Maria Aurora,Aurora
Diaman,Maria Aurora,Aurora
Dianawan,Maria Aurora,Aurora
Dikildit,Maria Aurora,Aurora
Dimanpudso,Maria Aurora,Aurora
Diome,Maria Aurora,Aurora
Estonilo,Maria Aurora,Aurora
Florida,Maria Aurora,Aurora
Galintuja,Maria Aurora,Aurora
Cadayacan,Maria Aurora,Aurora
Malasin,Maria Aurora,Aurora
Ponglo,Maria Aurora,Aurora
Quirino,Maria Aurora,Aurora
Ramada,Maria Aurora,Aurora
San Joaquin,Maria Aurora,Aurora
San Jose,Maria Aurora,Aurora
San Leonardo,Maria Aurora,Aurora
Santa Lucia,Maria Aurora,Aurora
Santo Tomas,Maria Aurora,Aurora
Suguit,Maria Aurora,Aurora
Villa Aurora,Maria Aurora,Aurora
Wenceslao,Maria Aurora,Aurora
San Juan,Maria Aurora,Aurora
Bacong,San Luis,Aurora
Barangay I,San Luis,Aurora
Barangay II,San Luis,Aurora
Barangay III,San Luis,Aurora
Barangay IV,San Luis,Aurora
Dibalo,San Luis,Aurora
Dibayabay,San Luis,Aurora
Dibut,San Luis,Aurora
Dikapinisan,San Luis,Aurora
Dimanayat,San Luis,Aurora
Diteki,San Luis,Aurora
Ditumabo,San Luis,Aurora
L. Pimentel,San Luis,Aurora
Nonong Senior,San Luis,Aurora
Real,San Luis,Aurora
San Isidro,San Luis,Aurora
San Jose,San Luis,Aurora
Zarah,San Luis,Aurora
Baguindoc,Anao,Tarlac
Bantog,Anao,Tarlac
Balete,Anao,Tarlac
Burog,Anao,Tarlac
Cabuluan,Anao,Tarlac
Caguay,Anao,Tarlac
Calungbuyan,Anao,Tarlac
Campos,Anao,Tarlac
Carmen,Anao,Tarlac
Casili,Anao,Tarlac
Don Ramon,Anao,Tarlac
Hernando,Anao,Tarlac
Lourdes,Anao,Tarlac
Nagrebcan,Anao,Tarlac
Poblacion,Anao,Tarlac
Rizal,Anao,Tarlac
San Francisco East,Anao,Tarlac
San Francisco West,Anao,Tarlac
San Jose North,Anao,Tarlac
San Jose South,Anao,Tarlac
San Juan,Anao,Tarlac
San Juan East,Anao,Tarlac
San Juan West,Anao,Tarlac
San Roque,Anao,Tarlac
Santo Domingo,Anao,Tarlac
Sibul,Anao,Tarlac
Silab,Anao,Tarlac
Timba,Anao,Tarlac
Tinang,Anao,Tarlac
Abang-Singit,Bamban,Tarlac
Anupul,Bamban,Tarlac
Banaba,Bamban,Tarlac
Bangcu,Bamban,Tarlac
Culubasa,Bamban,Tarlac
Dela Cruz,Bamban,Tarlac
Fatima,Bamban,Tarlac
Invisible,Bamban,Tarlac
La Paz,Bamban,Tarlac
Lourdes,Bamban,Tarlac
Maliwalo,Bamban,Tarlac
Malonzo,Bamban,Tarlac
Nagrambacan,Bamban,Tarlac
San Nicolas,Bamban,Tarlac
San Pedro,Bamban,Tarlac
San Rafael,Bamban,Tarlac
San Roque,Bamban,Tarlac
San Vicente,Bamban,Tarlac
Santo Niño,Bamban,Tarlac
Virgen de la Paz,Bamban,Tarlac
Anoling 1st,Camiling,Tarlac
Anoling 2nd,Camiling,Tarlac
Anoling 3rd,Camiling,Tarlac
Bacabac,Camiling,Tarlac
Bacsay,Camiling,Tarlac
Bagbag,Camiling,Tarlac
Bancay 1st,Camiling,Tarlac
Bancay 2nd,Camiling,Tarlac
Bilad,Camiling,Tarlac
Birbira,Camiling,Tarlac
Bobon 1st,Camiling,Tarlac
Bobon 2nd,Camiling,Tarlac
Bobon 3rd,Camiling,Tarlac
Botol,Camiling,Tarlac
Cablay,Camiling,Tarlac
Cacatian,Camiling,Tarlac
Calingcuan,Camiling,Tarlac
Capataan,Camiling,Tarlac
Coral 1st,Camiling,Tarlac
Coral 2nd,Camiling,Tarlac
Coral 3rd,Camiling,Tarlac
Coral 4th,Camiling,Tarlac
Coral 5th,Camiling,Tarlac
Coral 6th,Camiling,Tarlac
Coral 7th,Camiling,Tarlac
Coral-Cristal,Camiling,Tarlac
Culipat,Camiling,Tarlac
Curibung,Camiling,Tarlac
Dalayap,Camiling,Tarlac
Del Pilar,Camiling,Tarlac
Hacienda Mary,Camiling,Tarlac
Iba,Camiling,Tarlac
Libueg,Camiling,Tarlac
Malacampa,Camiling,Tarlac
Manupeg,Camiling,Tarlac
Matadero,Camiling,Tarlac
Nagmalitong 1st,Camiling,Tarlac
Nagmalitong 2nd,Camiling,Tarlac
Nagmalitong 3rd,Camiling,Tarlac
Nagmalitong 4th,Camiling,Tarlac
Nagmalitong 5th,Camiling,Tarlac
Nagmalitong 6th,Camiling,Tarlac
Nagrambacan,Camiling,Tarlac
Nambalan,Camiling,Tarlac
Padua,Camiling,Tarlac
Palimbo Proper,Camiling,Tarlac
Palimbo-Camiru,Camiling,Tarlac
Parabur,Camiling,Tarlac
Pindangan 1st,Camiling,Tarlac
Pindangan 2nd,Camiling,Tarlac
Pio,Camiling,Tarlac
Poblacion A,Camiling,Tarlac
Poblacion B,Camiling,Tarlac
Poblacion C,Camiling,Tarlac
Poblacion D,Camiling,Tarlac
Poblacion E,Camiling,Tarlac
Poblacion F,Camiling,Tarlac
Poblacion G,Camiling,Tarlac
Poblacion H,Camiling,Tarlac
Poblacion I,Camiling,Tarlac
Pogo,Camiling,Tarlac
Rang-ayan,Camiling,Tarlac
San Isidro,Camiling,Tarlac
San Jose,Camiling,Tarlac
San Juan,Camiling,Tarlac
San Miguel,Camiling,Tarlac
San Nicolas,Camiling,Tarlac
Santo Niño,Camiling,Tarlac
Sinait,Camiling,Tarlac
Sinulatan,Camiling,Tarlac
Subol,Camiling,Tarlac
Tabacal,Camiling,Tarlac
Buenavista,Capas,Tarlac
Burgos,Capas,Tarlac
Calibung,Capas,Tarlac
Cubcub,Capas,Tarlac
Cutcut 1st,Capas,Tarlac
Cutcut 2nd,Capas,Tarlac
Dadalay,Capas,Tarlac
Desierto,Capas,Tarlac
Dolores,Capas,Tarlac
Estrada,Capas,Tarlac
Fenas,Capas,Tarlac
Iba,Capas,Tarlac
Kinasang,Capas,Tarlac
Lawy,Capas,Tarlac
Mababanaba,Capas,Tarlac
Maruglo,Capas,Tarlac
O'Donnell,Capas,Tarlac
Patling,Capas,Tarlac
Poblacion Center,Capas,Tarlac
Poblacion East,Capas,Tarlac
Poblacion North,Capas,Tarlac
Poblacion South,Capas,Tarlac
Poblacion West,Capas,Tarlac
San Antonio,Capas,Tarlac
San Joaquin,Capas,Tarlac
Santa Juliana,Capas,Tarlac
Santa Lucia,Capas,Tarlac
Santo Cristo,Capas,Tarlac
Santo Domingo,Capas,Tarlac
Santo Niño,Capas,Tarlac
Talaga,Capas,Tarlac
Trapiche,Capas,Tarlac
Aguso,City of Tarlac,Tarlac
Alvindia,City of Tarlac,Tarlac
Amucao,City of Tarlac,Tarlac
Armenia,City of Tarlac,Tarlac
Asturias,City of Tarlac,Tarlac
Balete,City of Tarlac,Tarlac
Balibay I,City of Tarlac,Tarlac
Balibay II,City of Tarlac,Tarlac
Balingcanaway,City of Tarlac,Tarlac
Banaba,City of Tarlac,Tarlac
Bantog,City of Tarlac,Tarlac
Baras-Baras,City of Tarlac,Tarlac
Batang-Batang,City of Tarlac,Tarlac
Buscay,City of Tarlac,Tarlac
Buenavista,City of Tarlac,Tarlac
Calingcuan,City of Tarlac,Tarlac
Camat,City of Tarlac,Tarlac
Capao,City of Tarlac,Tarlac
Cardona,City of Tarlac,Tarlac
Caribang,City of Tarlac,Tarlac
Caringtbucal,City of Tarlac,Tarlac
Carosales,City of Tarlac,Tarlac
Castañeda,City of Tarlac,Tarlac
Concepcion,City of Tarlac,Tarlac
Cristo Rey,City of Tarlac,Tarlac
Cutcut,City of Tarlac,Tarlac
Cutud,City of Tarlac,Tarlac
Dao,City of Tarlac,Tarlac
Dela Paz,City of Tarlac,Tarlac
Embarcadero,City of Tarlac,Tarlac
Faldes,City of Tarlac,Tarlac
Falle,City of Tarlac,Tarlac
Fructuosa,City of Tarlac,Tarlac
Fulo,City of Tarlac,Tarlac
Green Village,City of Tarlac,Tarlac
Hacienda Dolores,City of Tarlac,Tarlac
Hacienda San Bartolome,City of Tarlac,Tarlac
Hacienda San Guillermo,City of Tarlac,Tarlac
Hacienda San Juan,City of Tarlac,Tarlac
Hacienda San Miguel,City of Tarlac,Tarlac
Hacienda Santa Elena,City of Tarlac,Tarlac
Hacienda Santa Ines,City of Tarlac,Tarlac
Hacienda Santa Lucia,City of Tarlac,Tarlac
Hacienda Santa Maria,City of Tarlac,Tarlac
Hacienda Santiago,City of Tarlac,Tarlac
Iba,City of Tarlac,Tarlac
Iba Este,City of Tarlac,Tarlac
Iba Oeste,City of Tarlac,Tarlac
La Paz,City of Tarlac,Tarlac
Laoag,City of Tarlac,Tarlac
Lapun Lapun,City of Tarlac,Tarlac
Lomboy,City of Tarlac,Tarlac
Lourdes,City of Tarlac,Tarlac
Lubigan,City of Tarlac,Tarlac
Luna,City of Tarlac,Tarlac
Lutao,City of Tarlac,Tarlac
Mabalot,City of Tarlac,Tarlac
Mabini,City of Tarlac,Tarlac
Mabilog,City of Tarlac,Tarlac
Macalino,City of Tarlac,Tarlac
Macamias,City of Tarlac,Tarlac
Maliwalo,City of Tarlac,Tarlac
Matatalaib,City of Tarlac,Tarlac
Mining,City of Tarlac,Tarlac
Nancamarinan,City of Tarlac,Tarlac
Ngoyog,City of Tarlac,Tarlac
Oapal,City of Tarlac,Tarlac
Paludpod,City of Tarlac,Tarlac
Parang,City of Tarlac,Tarlac
Parlas,City of Tarlac,Tarlac
Pitombayog,City of Tarlac,Tarlac
Pob. Block 1,City of Tarlac,Tarlac
Pob. Block 2,City of Tarlac,Tarlac
Pob. Block 3,City of Tarlac,Tarlac
Pob. Block 4,City of Tarlac,Tarlac
Pob. Block 5,City of Tarlac,Tarlac
Pob. Block 6,City of Tarlac,Tarlac
Pob. Block 7,City of Tarlac,Tarlac
Pob. Block 8,City of Tarlac,Tarlac
Pob. Block 9,City of Tarlac,Tarlac
Pob. Block 10,City of Tarlac,Tarlac
Pob. Block 11,City of Tarlac,Tarlac
Pob. Block 12,City of Tarlac,Tarlac
Pob. Block 13,City of Tarlac,Tarlac
Pob. Block 14,City of Tarlac,Tarlac
Pob. Block 15,City of Tarlac,Tarlac
Pob. Block 16,City of Tarlac,Tarlac
Pob. Block 17,City of Tarlac,Tarlac
Pob. Block 18,City of Tarlac,Tarlac
Pob. Block 19,City of Tarlac,Tarlac
Pob. Block 20,City of Tarlac,Tarlac
Pob. Block 21,City of Tarlac,Tarlac
Pob. Block 22,City of Tarlac,Tarlac
Pob. Block 23,City of Tarlac,Tarlac
Pob. Block 24,City of Tarlac,Tarlac
Pob. Block 25,City of Tarlac,Tarlac
Pob. Block 26,City of Tarlac,Tarlac
Pob. Block 27,City of Tarlac,Tarlac
Pob. Block 28,City of Tarlac,Tarlac
Pob. Block 29,City of Tarlac,Tarlac
Pob. Block 30,City of Tarlac,Tarlac
Pula,City of Tarlac,Tarlac
Ramirez,City of Tarlac,Tarlac
Rexville,City of Tarlac,Tarlac
Salapungan,City of Tarlac,Tarlac
San Carlos,City of Tarlac,Tarlac
San Francisco,City of Tarlac,Tarlac
San Isidro,City of Tarlac,Tarlac
San Jose,City of Tarlac,Tarlac
San Juan Bautista,City of Tarlac,Tarlac
San Juan de Mata,City of Tarlac,Tarlac
San Manuel,City of Tarlac,Tarlac
San Matias,City of Tarlac,Tarlac
San Miguel,City of Tarlac,Tarlac
San Nicolas,City of Tarlac,Tarlac
San Pablo,City of Tarlac,Tarlac
San Pedro,City of Tarlac,Tarlac
San Rafael,City of Tarlac,Tarlac
San Roque,City of Tarlac,Tarlac
San Sebastian,City of Tarlac,Tarlac
San Vicente,City of Tarlac,Tarlac
Santa Cruz,City of Tarlac,Tarlac
Santa Maria,City of Tarlac,Tarlac
Santa Rita,City of Tarlac,Tarlac
Santo Cristo,City of Tarlac,Tarlac
Santo Niño,City of Tarlac,Tarlac
Sapang Bato,City of Tarlac,Tarlac
Sapang Tagalog,City of Tarlac,Tarlac
Sepung Bulaon,City of Tarlac,Tarlac
Sepung Gubat,City of Tarlac,Tarlac
Sinait,City of Tarlac,Tarlac
Sisilang,City of Tarlac,Tarlac
Solo,City of Tarlac,Tarlac
Tancate,City of Tarlac,Tarlac
Tibag,City of Tarlac,Tarlac
Toledo,City of Tarlac,Tarlac
Ugad,City of Tarlac,Tarlac
Ungot,City of Tarlac,Tarlac
Villa Elena,City of Tarlac,Tarlac
Villa Esmeralda,City of Tarlac,Tarlac
Villa Lourdes,City of Tarlac,Tarlac
Villa Rosario,City of Tarlac,Tarlac
Villapaz,City of Tarlac,Tarlac
Alfonso,Concepcion,Tarlac
Balutu,Concepcion,Tarlac
Cafe,Concepcion,Tarlac
Calius Gueco,Concepcion,Tarlac
Caluluan,Concepcion,Tarlac
Calingcuan,Concepcion,Tarlac
Camatbalon,Concepcion,Tarlac
Concepcion Poblacion,Concepcion,Tarlac
Corazon de Jesus,Concepcion,Tarlac
Culaylay,Concepcion,Tarlac
Dagat-dagat,Concepcion,Tarlac
Dolores,Concepcion,Tarlac
Iba,Concepcion,Tarlac
Ilog Cabe,Concepcion,Tarlac
Ilog Centro,Concepcion,Tarlac
Ilog Norte,Concepcion,Tarlac
Ilog Sur,Concepcion,Tarlac
Juan Luna,Concepcion,Tarlac
Lalo,Concepcion,Tarlac
Mabilog,Concepcion,Tarlac
Mabini,Concepcion,Tarlac
Malupa,Concepcion,Tarlac
Minane,Concepcion,Tarlac
New Santa Barbara,Concepcion,Tarlac
Paludpod,Concepcion,Tarlac
Parang,Concepcion,Tarlac
Parulang,Concepcion,Tarlac
Pinili,Concepcion,Tarlac
Plazang Toro,Concepcion,Tarlac
Poblacion Norte,Concepcion,Tarlac
Poblacion Sur,Concepcion,Tarlac
San Juan Bautista,Concepcion,Tarlac
San Martin,Concepcion,Tarlac
San Nicolas,Concepcion,Tarlac
San Vicente,Concepcion,Tarlac
Santa Lucia,Concepcion,Tarlac
Santa Monica,Concepcion,Tarlac
Santa Rita,Concepcion,Tarlac
Santo Cristo,Concepcion,Tarlac
Santo Niño,Concepcion,Tarlac
Sipat,Concepcion,Tarlac
Abagon,Gerona,Tarlac
Ablang Sapang,Gerona,Tarlac
Aglipay,Gerona,Tarlac
Amacalan,Gerona,Tarlac
Amsic,Gerona,Tarlac
Aplaya,Gerona,Tarlac
Balite,Gerona,Tarlac
Baybayabas,Gerona,Tarlac
Buenavista,Gerona,Tarlac
Cabuluan,Gerona,Tarlac
Cadsalan,Gerona,Tarlac
Calayaan,Gerona,Tarlac
Camposanto,Gerona,Tarlac
Caturay,Gerona,Tarlac
Don Basilio,Gerona,Tarlac
Gubat,Gerona,Tarlac
Lambayan,Gerona,Tarlac
Lomboy,Gerona,Tarlac
Lusca,Gerona,Tarlac
Mabini,Gerona,Tarlac
Malayantoc,Gerona,Tarlac
Mangga,Gerona,Tarlac
Mangusing,Gerona,Tarlac
Maticmatic,Gerona,Tarlac
Nagwirong,Gerona,Tarlac
Nagpandayan,Gerona,Tarlac
Padapada,Gerona,Tarlac
Palis,Gerona,Tarlac
Paluka,Gerona,Tarlac
Parang,Gerona,Tarlac
Patag,Gerona,Tarlac
Poblacion,Gerona,Tarlac
Purok,Gerona,Tarlac
Salapungan,Gerona,Tarlac
San Agustin,Gerona,Tarlac
San Antonio,Gerona,Tarlac
San Bartolome,Gerona,Tarlac
San Jose,Gerona,Tarlac
San Juan,Gerona,Tarlac
San Lucas,Gerona,Tarlac
San Miguel,Gerona,Tarlac
San Pedro,Gerona,Tarlac
Santo Niño,Gerona,Tarlac
Sibul,Gerona,Tarlac
Sibul Malaki,Gerona,Tarlac
Sibul Mangga,Gerona,Tarlac
Silang,Gerona,Tarlac
Sulipa,Gerona,Tarlac
Sulo,Gerona,Tarlac
Tagumbao,Gerona,Tarlac
Target,Gerona,Tarlac
Temperancia,Gerona,Tarlac
Toclong,Gerona,Tarlac
Toledo,Gerona,Tarlac
Tres Marias,Gerona,Tarlac
Villa Aglipay,Gerona,Tarlac
Villa Aguas,Gerona,Tarlac
Villa Flores,Gerona,Tarlac
Villa Gavino,Gerona,Tarlac
Villa Ramirez,Gerona,Tarlac
Villa Rizal,Gerona,Tarlac
Balanoy,La Paz,Tarlac
Bantog-Carait,La Paz,Tarlac
Bantog-Saluad,La Paz,Tarlac
Barangay I (Pob.),La Paz,Tarlac
Barangay II (Pob.),La Paz,Tarlac
Barangay III (Pob.),La Paz,Tarlac
Barangay IV (Pob.),La Paz,Tarlac
Barangay V (Pob.),La Paz,Tarlac
Barangay VI (Pob.),La Paz,Tarlac
Cato,La Paz,Tarlac
Colibangbang,La Paz,Tarlac
Dagao,La Paz,Tarlac
Dinep,La Paz,Tarlac
K. Murillo,La Paz,Tarlac
Labney,La Paz,Tarlac
Mabul,La Paz,Tarlac
Macalong,La Paz,Tarlac
Mayang,La Paz,Tarlac
Nagsulang,La Paz,Tarlac
Paz,La Paz,Tarlac
Rizal,La Paz,Tarlac
Ambalingit,Mayantoc,Tarlac
Baybayaoas,Mayantoc,Tarlac
Bigbiga,Mayantoc,Tarlac
Binbinaca,Mayantoc,Tarlac
Calabmayan,Mayantoc,Tarlac
Cabangiran,Mayantoc,Tarlac
Cahabaan,Mayantoc,Tarlac
Calipayan,Mayantoc,Tarlac
Canabay,Mayantoc,Tarlac
Comon,Mayantoc,Tarlac
Gayonggayong,Mayantoc,Tarlac
Guimba,Mayantoc,Tarlac
Ibguit,Mayantoc,Tarlac
Lalapangan,Mayantoc,Tarlac
Lampitak,Mayantoc,Tarlac
Libay,Mayantoc,Tarlac
Mamonit,Mayantoc,Tarlac
Mangolayon,Mayantoc,Tarlac
Mayamat,Mayantoc,Tarlac
Nambalan,Mayantoc,Tarlac
Poblacion Norte,Mayantoc,Tarlac
Poblacion Sur,Mayantoc,Tarlac
San Bartolome,Mayantoc,Tarlac
San Isidro,Mayantoc,Tarlac
Abaga,Moncada,Tarlac
Andarayan,Moncada,Tarlac
Bangar,Moncada,Tarlac
Cabuluan,Moncada,Tarlac
Calitlitan,Moncada,Tarlac
Calma,Moncada,Tarlac
Camangaan East,Moncada,Tarlac
Camangaan West,Moncada,Tarlac
Camiling,Moncada,Tarlac
Camposanto 1 Norte,Moncada,Tarlac
Camposanto 1 Sur,Moncada,Tarlac
Camposanto 2,Moncada,Tarlac
Capao,Moncada,Tarlac
Carcueva,Moncada,Tarlac
Cawayan,Moncada,Tarlac
Cawayan Bugtong,Moncada,Tarlac
Central East,Moncada,Tarlac
Central West,Moncada,Tarlac
Concepcion,Moncada,Tarlac
Dolores,Moncada,Tarlac
Don Ramon,Moncada,Tarlac
Hacienda,Moncada,Tarlac
Lapnit,Moncada,Tarlac
Longos,Moncada,Tarlac
Lourdes,Moncada,Tarlac
Mabini,Moncada,Tarlac
Mabuhay,Moncada,Tarlac
Malate,Moncada,Tarlac
Manaois,Moncada,Tarlac
Matam-is,Moncada,Tarlac
Matanlang,Moncada,Tarlac
Maysan,Moncada,Tarlac
Nampalogan,Moncada,Tarlac
Paso,Moncada,Tarlac
Poblacion I,Moncada,Tarlac
Poblacion II,Moncada,Tarlac
Poblacion III,Moncada,Tarlac
Poblacion IV,Moncada,Tarlac
Poblacion V,Moncada,Tarlac
Pula,Moncada,Tarlac
Quezon,Moncada,Tarlac
Rizal,Moncada,Tarlac
San Andres,Moncada,Tarlac
San Carlos,Moncada,Tarlac
San Juan,Moncada,Tarlac
San Leon,Moncada,Tarlac
San Miguel,Moncada,Tarlac
San Pedro,Moncada,Tarlac
San Rafael,Moncada,Tarlac
San Roque,Moncada,Tarlac
Santa Lucia,Moncada,Tarlac
Santa Maria,Moncada,Tarlac
Santo Niño,Moncada,Tarlac
Santo Tomas,Moncada,Tarlac
Sapang Maragul,Moncada,Tarlac
Tapiat,Moncada,Tarlac
Toledo,Moncada,Tarlac
Tubigan,Moncada,Tarlac
Villa Hermosa,Moncada,Tarlac
Villa Ilang-Ilang,Moncada,Tarlac
Villa Rizal,Moncada,Tarlac
Abogado,Paniqui,Tarlac
Alcalde,Paniqui,Tarlac
Bacnar,Paniqui,Tarlac
Bagong Bayan,Paniqui,Tarlac
Balanti,Paniqui,Tarlac
Bamban,Paniqui,Tarlac
Bantog,Paniqui,Tarlac
Bisaya,Paniqui,Tarlac
Bobon,Paniqui,Tarlac
Buenavista,Paniqui,Tarlac
Cabayaoasan,Paniqui,Tarlac
Canan,Paniqui,Tarlac
Cabuluan,Paniqui,Tarlac
Calingcuan,Paniqui,Tarlac
Camias,Paniqui,Tarlac
Carino,Paniqui,Tarlac
Carosalesan,Paniqui,Tarlac
Cayao,Paniqui,Tarlac
Colibangbang,Paniqui,Tarlac
Dumarais,Paniqui,Tarlac
Galeran,Paniqui,Tarlac
Garcia,Paniqui,Tarlac
Herrera,Paniqui,Tarlac
Igang,Paniqui,Tarlac
Isla,Paniqui,Tarlac
Lanting,Paniqui,Tarlac
Lomboy,Paniqui,Tarlac
Mabini,Paniqui,Tarlac
Malasa,Paniqui,Tarlac
Mangilaya,Paniqui,Tarlac
Matanlang,Paniqui,Tarlac
Naranjo,Paniqui,Tarlac
Nancamarinan,Paniqui,Tarlac
Padilla,Paniqui,Tarlac
Pagsaluhan,Paniqui,Tarlac
Pambar,Paniqui,Tarlac
Parungao,Paniqui,Tarlac
Poblacion Norte,Paniqui,Tarlac
Poblacion Sur,Paniqui,Tarlac
Ramos,Paniqui,Tarlac
Rizal,Paniqui,Tarlac
Salapungan,Paniqui,Tarlac
San Agustin,Paniqui,Tarlac
San Andres,Paniqui,Tarlac
San Benito,Paniqui,Tarlac
San Francisco,Paniqui,Tarlac
San Isidro,Paniqui,Tarlac
San Juan de Regla,Paniqui,Tarlac
San Jose,Paniqui,Tarlac
San Miguel,Paniqui,Tarlac
San Pedro,Paniqui,Tarlac
San Roque,Paniqui,Tarlac
San Vicente,Paniqui,Tarlac
Santa Barbara,Paniqui,Tarlac
Santa Cruz,Paniqui,Tarlac
Santa Rita,Paniqui,Tarlac
Santo Niño,Paniqui,Tarlac
Santo Rosario,Paniqui,Tarlac
Sapa,Paniqui,Tarlac
Sinulatan,Paniqui,Tarlac
Sulib,Paniqui,Tarlac
Tablang,Paniqui,Tarlac
Tagpos,Paniqui,Tarlac
Tibag,Paniqui,Tarlac
Tinang,Paniqui,Tarlac
Villa,Paniqui,Tarlac
Villaflores,Paniqui,Tarlac
Villanueva,Paniqui,Tarlac
Linao,Pura,Tarlac
Mabilog,Pura,Tarlac
Maasin,Pura,Tarlac
Naya,Pura,Tarlac
Nilasin 1st,Pura,Tarlac
Nilasin 2nd,Pura,Tarlac
Poblacion 1,Pura,Tarlac
Poblacion 2,Pura,Tarlac
Poblacion 3,Pura,Tarlac
Poroc,Pura,Tarlac
Rizal,Pura,Tarlac
Samput,Pura,Tarlac
Singat,Pura,Tarlac
Santo Niño 1st,Pura,Tarlac
Santo Niño 2nd,Pura,Tarlac
Santo Rosario,Pura,Tarlac
Talimundoc,Pura,Tarlac
Calilayan,Ramos,Tarlac
Comillas,Ramos,Tarlac
Guevara,Ramos,Tarlac
Kalang,Ramos,Tarlac
Lapnit,Ramos,Tarlac
Poblacion Center,Ramos,Tarlac
San Juan,Ramos,Tarlac
San Miguel,Ramos,Tarlac
San Sebastian,Ramos,Tarlac
Anonang Norte,San Clemente,Tarlac
Anonang Sur,San Clemente,Tarlac
Bagbag,San Clemente,Tarlac
Bamban,San Clemente,Tarlac
Casecnan,San Clemente,Tarlac
Cuenca,San Clemente,Tarlac
Mangandingay,San Clemente,Tarlac
Masic,San Clemente,Tarlac
Maasin,San Clemente,Tarlac
Pili,San Clemente,Tarlac
Poblacion Norte,San Clemente,Tarlac
Poblacion Sur,San Clemente,Tarlac
San Isidro,San Clemente,Tarlac
San Marcos,San Clemente,Tarlac
San Pablo,San Clemente,Tarlac
Santa Rosa,San Clemente,Tarlac
Santo Niño,San Clemente,Tarlac
Aguilar,San Jose,Tarlac
Burgos,San Jose,Tarlac
Burgos II,San Jose,Tarlac
Burgos III,San Jose,Tarlac
Calaitan,San Jose,Tarlac
Cambing,San Jose,Tarlac
Cameron,San Jose,Tarlac
Candelaria,San Jose,Tarlac
Canrubang,San Jose,Tarlac
Casilagan,San Jose,Tarlac
Corazon,San Jose,Tarlac
Fianza,San Jose,Tarlac
Iba,San Jose,Tarlac
La Consolacion,San Jose,Tarlac
Lanete,San Jose,Tarlac
Luna,San Jose,Tarlac
Mabuhay,San Jose,Tarlac
Malacampa,San Jose,Tarlac
Mangalit,San Jose,Tarlac
Maqueb,San Jose,Tarlac
Maturanoc,San Jose,Tarlac
Nambalan,San Jose,Tarlac
Pinaripad,San Jose,Tarlac
Poblacion,San Jose,Tarlac
Pulong,San Jose,Tarlac
Rizal,San Jose,Tarlac
San Agustin,San Jose,Tarlac
San Andres,San Jose,Tarlac
San Antonio,San Jose,Tarlac
San Bartolome,San Jose,Tarlac
San Fernando,San Jose,Tarlac
San Francisco,San Jose,Tarlac
San Gabriel,San Jose,Tarlac
San Isidro,San Jose,Tarlac
San Juan,San Jose,Tarlac
San Juan Bautista,San Jose,Tarlac
San Juan de Dios,San Jose,Tarlac
San Lorenzo,San Jose,Tarlac
San Luis,San Jose,Tarlac
San Manuel,San Jose,Tarlac
San Miguel,San Jose,Tarlac
San Nicolas,San Jose,Tarlac
San Pablo,San Jose,Tarlac
San Pascual,San Jose,Tarlac
San Pedro,San Jose,Tarlac
San Rafael,San Jose,Tarlac
San Roque,San Jose,Tarlac
San Sebastian,San Jose,Tarlac
San Vicente,San Jose,Tarlac
Santa Catalina,San Jose,Tarlac
Santa Cruz,San Jose,Tarlac
Santa Elena,San Jose,Tarlac
Santa Lucia,San Jose,Tarlac
Santa Maria,San Jose,Tarlac
Santa Rita,San Jose,Tarlac
Santo Cristo,San Jose,Tarlac
Santo Niño,San Jose,Tarlac
Santo Tomas,San Jose,Tarlac
Sapa,San Jose,Tarlac
Sibul,San Jose,Tarlac
Sinigpit,San Jose,Tarlac
Tabao,San Jose,Tarlac
Tagumbao,San Jose,Tarlac
Tibag,San Jose,Tarlac
Tubigan,San Jose,Tarlac
Unib,San Jose,Tarlac
Vietnamburgos,San Jose,Tarlac
Villa Aglipay,San Jose,Tarlac
Villa Concepcion,San Jose,Tarlac
Villa Estrella,San Jose,Tarlac
Villa Gonzalez,San Jose,Tarlac
Villa Maria,San Jose,Tarlac
Villa Nizza,San Jose,Tarlac
Villa Rosario,San Jose,Tarlac
Villa San Jose,San Jose,Tarlac
Abot,San Manuel,Tarlac
Aguso,San Manuel,Tarlac
Alang-alang,San Manuel,Tarlac
Baluyut,San Manuel,Tarlac
Calbalete,San Manuel,Tarlac
Calsib,San Manuel,Tarlac
Canite,San Manuel,Tarlac
Canao,San Manuel,Tarlac
Cayanga,San Manuel,Tarlac
Colibangbang,San Manuel,Tarlac
Garcia,San Manuel,Tarlac
Guevarra,San Manuel,Tarlac
Laruan,San Manuel,Tarlac
Lourdes,San Manuel,Tarlac
Manaoag,San Manuel,Tarlac
Masantol,San Manuel,Tarlac
Nabu,San Manuel,Tarlac
Padapada,San Manuel,Tarlac
Panday Pira,San Manuel,Tarlac
Pannaratan,San Manuel,Tarlac
Poblacion,San Manuel,Tarlac
Radiw,San Manuel,Tarlac
Ramos,San Manuel,Tarlac
Rizam,San Manuel,Tarlac
Salapungan,San Manuel,Tarlac
San Cristobal,San Manuel,Tarlac
San Felipe,San Manuel,Tarlac
San Gregorio,San Manuel,Tarlac
San Isidro,San Manuel,Tarlac
San Jose,San Manuel,Tarlac
San Juan,San Manuel,Tarlac
San Lucas,San Manuel,Tarlac
San Marcelino,San Manuel,Tarlac
San Martin,San Manuel,Tarlac
San Mateo,San Manuel,Tarlac
San Miguel,San Manuel,Tarlac
San Nicolas,San Manuel,Tarlac
San Pablo,San Manuel,Tarlac
San Pedro,San Manuel,Tarlac
San Rafael,San Manuel,Tarlac
San Roque,San Manuel,Tarlac
San Vicente,San Manuel,Tarlac
Santa Ana,San Manuel,Tarlac
Santa Barbara,San Manuel,Tarlac
Santa Cruz,San Manuel,Tarlac
Santa Elena,San Manuel,Tarlac
Santa Fe,San Manuel,Tarlac
Santa Isabel,San Manuel,Tarlac
Santa Lucia,San Manuel,Tarlac
Santa Maria,San Manuel,Tarlac
Santa Monica,San Manuel,Tarlac
Santa Rita,San Manuel,Tarlac
Santa Rosa,San Manuel,Tarlac
Santo Cristo,San Manuel,Tarlac
Santo Domingo,San Manuel,Tarlac
Santo Niño,San Manuel,Tarlac
Santo Tomas,San Manuel,Tarlac
Sinait,San Manuel,Tarlac
Sison,San Manuel,Tarlac
Tabar,San Manuel,Tarlac
Tagabo,San Manuel,Tarlac
Tagumbao,San Manuel,Tarlac
Talimundoc,San Manuel,Tarlac
Tampaan,San Manuel,Tarlac
Tawiran,San Manuel,Tarlac
Toledo,San Manuel,Tarlac
Ugad,San Manuel,Tarlac
Uyong,San Manuel,Tarlac
Villa Aglipay,San Manuel,Tarlac
Villa Cadia,San Manuel,Tarlac
Villa Concepcion,San Manuel,Tarlac
Villa Corazon,San Manuel,Tarlac
Villa Flores,San Manuel,Tarlac
Villa Grace,San Manuel,Tarlac
Villa Leonor,San Manuel,Tarlac
Villa Luz,San Manuel,Tarlac
Villa Paz,San Manuel,Tarlac
Villa Rita,San Manuel,Tarlac
Villa Rosario,San Manuel,Tarlac
Villa Teresa,San Manuel,Tarlac
Villa Victoria,San Manuel,Tarlac
Baldios,Santa Ignacia,Tarlac
Botbotones,Santa Ignacia,Tarlac
Caanamongan,Santa Ignacia,Tarlac
Cabaruan,Santa Ignacia,Tarlac
Cabugbugan,Santa Ignacia,Tarlac
Caduldulaoan,Santa Ignacia,Tarlac
Calipayan,Santa Ignacia,Tarlac
Macaguing,Santa Ignacia,Tarlac
Nambalan,Santa Ignacia,Tarlac
Padapada,Santa Ignacia,Tarlac
Poblacion East,Santa Ignacia,Tarlac
Poblacion West,Santa Ignacia,Tarlac
San Agustin,Santa Ignacia,Tarlac
San Antonio,Santa Ignacia,Tarlac
San Francisco,Santa Ignacia,Tarlac
San Juan,Santa Ignacia,Tarlac
San Lorenzo,Santa Ignacia,Tarlac
San Vicente,Santa Ignacia,Tarlac
Santa Ines,Santa Ignacia,Tarlac
Santa Maria,Santa Ignacia,Tarlac
Santa Rita,Santa Ignacia,Tarlac
Santo Niño,Santa Ignacia,Tarlac
Santo Tomas,Santa Ignacia,Tarlac
Sinalbagan,Santa Ignacia,Tarlac
Bacungan,Victoria,Tarlac
Baluart,Victoria,Tarlac
Bangar,Victoria,Tarlac
Bantog,Victoria,Tarlac
Bayanbayanan,Victoria,Tarlac
Calibungan,Victoria,Tarlac
Canarem,Victoria,Tarlac
Cariño,Victoria,Tarlac
Casantolan,Victoria,Tarlac
Concepcion,Victoria,Tarlac
Culubasa,Victoria,Tarlac
Estacion,Victoria,Tarlac
Gubat,Victoria,Tarlac
Lalapac,Victoria,Tarlac
Mabini,Victoria,Tarlac
Malabago,Victoria,Tarlac
Malorena,Victoria,Tarlac
Malvar,Victoria,Tarlac
Mapandan,Victoria,Tarlac
Merrising,Victoria,Tarlac
Militar,Victoria,Tarlac
Mozzozzin,Victoria,Tarlac
Nagrebcan,Victoria,Tarlac
Old Pagaspas,Victoria,Tarlac
Pagaspas,Victoria,Tarlac
Poblacion,Victoria,Tarlac
Quirino,Victoria,Tarlac
Rizal,Victoria,Tarlac
San Antonio,Victoria,Tarlac
San Bartolome,Victoria,Tarlac
San Francisco,Victoria,Tarlac
San Gabriel,Victoria,Tarlac
San Isidro,Victoria,Tarlac
San Jose,Victoria,Tarlac
San Juan,Victoria,Tarlac
San Luis,Victoria,Tarlac
San Marcelino,Victoria,Tarlac
San Mateo,Victoria,Tarlac
San Miguel,Victoria,Tarlac
San Nicolas,Victoria,Tarlac
San Pablo,Victoria,Tarlac
San Pedro,Victoria,Tarlac
San Rafael,Victoria,Tarlac
San Roque,Victoria,Tarlac
San Sebastian,Victoria,Tarlac
San Vicente,Victoria,Tarlac
Santa Catalina,Victoria,Tarlac
Santa Cruz,Victoria,Tarlac
Santa Elena,Victoria,Tarlac
Santa Lucia,Victoria,Tarlac
Santa Maria,Victoria,Tarlac
Santa Monica,Victoria,Tarlac
Santa Rita,Victoria,Tarlac
Santo Cristo,Victoria,Tarlac
Santo Domingo,Victoria,Tarlac
Santo Niño,Victoria,Tarlac
Santo Rosario,Victoria,Tarlac
Sapa,Victoria,Tarlac
Sinait,Victoria,Tarlac
Sulib,Victoria,Tarlac
Tabug,Victoria,Tarlac
Taguing,Victoria,Tarlac
Talimundoc,Victoria,Tarlac
Tambac,Victoria,Tarlac
Tambang,Victoria,Tarlac
Toledo,Victoria,Tarlac
Tubuan,Victoria,Tarlac
Ubando,Victoria,Tarlac
Villa Aglipay,Victoria,Tarlac
Villa Concepcion,Victoria,Tarlac
Villa Marcos,Victoria,Tarlac
Villa Rosario,Victoria,Tarlac
